{
	"nama": "Ricky Septian",
	"namalengkap": "Ricky Septian Sugandi",
	"namapanggilan": "Ricky",
	"tempatlahir": "Bandar Lampung",
	"tanggallahir": "1992-09-28",
	"jeniskelamin": "Laki - Laki",
	"agama": "Islam",
	"pendidikan": "Diploma (D3)",
	"alamat": "Perum Baloper Blok G No 12",
	"kelurahan": "Padalaran",
	"kecamatan": "Padalarang",
	"kota": "Kab. Bandung Barat",
	"provinsi": "Jawa Barat",
	"kodepos": "40553",
	"negara": "Indonesia",
	"hp": "+62 83829210504",
	"wa": "+62 83829210504",
	"email": "rickyseptiansugandi@gmail.com",
	"profesi": "Full Stack Developer, Web Programming, Mobile Programming",
	"tentang": "Untuk saat ini saya bertempat tinggal sementara di kota Bandung, yang tepatnya di jalan Atlas dalam 4 No. 3, Kel. Babakan Surabaya Kec. Kiaracondong Kota Bandung, Jawa Barat, Indonesia."
}